,ts_code,trade_date,close
0,600036.SH,2019-12-31,37.58
1,600609.SH,2019-12-31,3.96
2,600887.SH,2019-12-31,30.94
3,601318.SH,2019-12-31,85.46
4,600036.SH,2019-12-30,37.83
5,600609.SH,2019-12-30,4.0
6,600887.SH,2019-12-30,30.83
7,601318.SH,2019-12-30,85.89
8,600036.SH,2019-12-27,37.86
9,600609.SH,2019-12-27,3.94
10,600887.SH,2019-12-27,30.64
11,601318.SH,2019-12-27,84.72
12,600036.SH,2019-12-26,38.1
13,600609.SH,2019-12-26,3.85
14,600887.SH,2019-12-26,30.12
15,601318.SH,2019-12-26,84.43
16,600036.SH,2019-12-25,37.79
17,600609.SH,2019-12-25,3.82
18,600887.SH,2019-12-25,29.98
19,601318.SH,2019-12-25,83.93
20,600036.SH,2019-12-24,38.01
21,600609.SH,2019-12-24,3.78
22,600887.SH,2019-12-24,30.24
23,601318.SH,2019-12-24,84.46
24,600036.SH,2019-12-23,37.4
25,600609.SH,2019-12-23,3.76
26,600887.SH,2019-12-23,29.85
27,601318.SH,2019-12-23,84.29
28,600036.SH,2019-12-20,37.54
29,600609.SH,2019-12-20,3.8
30,600887.SH,2019-12-20,30.01
31,601318.SH,2019-12-20,85.53
32,600036.SH,2019-12-19,37.77
33,600609.SH,2019-12-19,3.8
34,600887.SH,2019-12-19,29.95
35,601318.SH,2019-12-19,85.7
36,600036.SH,2019-12-18,37.99
37,600609.SH,2019-12-18,3.78
38,600887.SH,2019-12-18,30.45
39,601318.SH,2019-12-18,85.98
40,600036.SH,2019-12-17,37.5
41,600609.SH,2019-12-17,3.8
42,600887.SH,2019-12-17,30.79
43,601318.SH,2019-12-17,86.13
44,600036.SH,2019-12-16,37.28
45,600609.SH,2019-12-16,3.77
46,600887.SH,2019-12-16,30.44
47,601318.SH,2019-12-16,85.64
48,600036.SH,2019-12-13,37.5
49,600609.SH,2019-12-13,3.76
50,600887.SH,2019-12-13,30.65
51,601318.SH,2019-12-13,86.77
52,600036.SH,2019-12-12,36.4
53,600609.SH,2019-12-12,3.74
54,600887.SH,2019-12-12,30.27
55,601318.SH,2019-12-12,84.04
56,600036.SH,2019-12-11,36.4
57,600609.SH,2019-12-11,3.74
58,600887.SH,2019-12-11,30.22
59,601318.SH,2019-12-11,84.04
60,600036.SH,2019-12-10,36.12
61,600609.SH,2019-12-10,3.75
62,600887.SH,2019-12-10,30.6
63,601318.SH,2019-12-10,83.59
64,600036.SH,2019-12-09,36.27
65,600609.SH,2019-12-09,3.75
66,600887.SH,2019-12-09,30.85
67,601318.SH,2019-12-09,83.65
68,600036.SH,2019-12-06,36.41
69,600609.SH,2019-12-06,3.74
70,600887.SH,2019-12-06,30.25
71,601318.SH,2019-12-06,84.74
72,600036.SH,2019-12-05,36.38
73,600609.SH,2019-12-05,3.75
74,600887.SH,2019-12-05,30.22
75,601318.SH,2019-12-05,84.67
76,600036.SH,2019-12-04,36.28
77,600609.SH,2019-12-04,3.74
78,600887.SH,2019-12-04,30.47
79,601318.SH,2019-12-04,84.07
80,600036.SH,2019-12-03,36.46
81,600609.SH,2019-12-03,3.75
82,600887.SH,2019-12-03,30.38
83,601318.SH,2019-12-03,84.27
84,600036.SH,2019-12-02,36.11
85,600609.SH,2019-12-02,3.73
86,600887.SH,2019-12-02,29.67
87,601318.SH,2019-12-02,83.29
88,600036.SH,2019-11-29,36.03
89,600609.SH,2019-11-29,3.75
90,600887.SH,2019-11-29,29.09
91,601318.SH,2019-11-29,83.62
92,600036.SH,2019-11-28,36.63
93,600609.SH,2019-11-28,3.75
94,600887.SH,2019-11-28,29.4
95,601318.SH,2019-11-28,84.4
96,600036.SH,2019-11-27,36.65
97,600609.SH,2019-11-27,3.89
98,600887.SH,2019-11-27,29.48
99,601318.SH,2019-11-27,84.91
100,600036.SH,2019-11-26,36.0
101,600609.SH,2019-11-26,3.66
102,600887.SH,2019-11-26,29.35
103,601318.SH,2019-11-26,85.4
104,600036.SH,2019-11-25,36.58
105,600609.SH,2019-11-25,3.66
106,600887.SH,2019-11-25,29.14
107,601318.SH,2019-11-25,85.5
108,600036.SH,2019-11-22,36.23
109,600609.SH,2019-11-22,3.69
110,600887.SH,2019-11-22,29.01
111,601318.SH,2019-11-22,84.89
112,600036.SH,2019-11-21,36.44
113,600609.SH,2019-11-21,3.7
114,600887.SH,2019-11-21,29.15
115,601318.SH,2019-11-21,86.34
116,600036.SH,2019-11-20,36.58
117,600609.SH,2019-11-20,3.69
118,600887.SH,2019-11-20,29.41
119,601318.SH,2019-11-20,88.05
120,600036.SH,2019-11-19,37.52
121,600609.SH,2019-11-19,3.72
122,600887.SH,2019-11-19,29.81
123,601318.SH,2019-11-19,88.89
124,600036.SH,2019-11-18,37.5
125,600609.SH,2019-11-18,3.68
126,600887.SH,2019-11-18,29.0
127,601318.SH,2019-11-18,88.71
128,600036.SH,2019-11-15,36.83
129,600609.SH,2019-11-15,3.72
130,600887.SH,2019-11-15,28.95
131,601318.SH,2019-11-15,87.9
132,600036.SH,2019-11-14,36.74
133,600609.SH,2019-11-14,3.72
134,600887.SH,2019-11-14,29.1
135,601318.SH,2019-11-14,88.03
136,600036.SH,2019-11-13,37.0
137,600609.SH,2019-11-13,3.73
138,600887.SH,2019-11-13,29.2
139,601318.SH,2019-11-13,88.0
140,600036.SH,2019-11-12,37.2
141,600609.SH,2019-11-12,3.75
142,600887.SH,2019-11-12,29.19
143,601318.SH,2019-11-12,88.22
144,600036.SH,2019-11-11,37.31
145,600609.SH,2019-11-11,3.78
146,600887.SH,2019-11-11,29.0
147,601318.SH,2019-11-11,88.21
148,600036.SH,2019-11-08,37.75
149,600609.SH,2019-11-08,3.87
150,600887.SH,2019-11-08,29.47
151,601318.SH,2019-11-08,89.17
152,600036.SH,2019-11-07,38.16
153,600609.SH,2019-11-07,3.89
154,600887.SH,2019-11-07,29.65
155,601318.SH,2019-11-07,89.77
156,600036.SH,2019-11-06,38.15
157,600609.SH,2019-11-06,3.91
158,600887.SH,2019-11-06,29.47
159,601318.SH,2019-11-06,90.0
160,600036.SH,2019-11-05,37.66
161,600609.SH,2019-11-05,3.91
162,600887.SH,2019-11-05,29.87
163,601318.SH,2019-11-05,90.06
164,600036.SH,2019-11-04,37.18
165,600609.SH,2019-11-04,3.89
166,600887.SH,2019-11-04,29.45
167,601318.SH,2019-11-04,90.29
168,600036.SH,2019-11-01,36.6
169,600609.SH,2019-11-01,3.9
170,600887.SH,2019-11-01,29.44
171,601318.SH,2019-11-01,90.04
172,600036.SH,2019-10-31,35.5
173,600609.SH,2019-10-31,3.89
174,600887.SH,2019-10-31,29.0
175,601318.SH,2019-10-31,88.12
176,600036.SH,2019-10-30,35.41
177,600609.SH,2019-10-30,3.93
178,600887.SH,2019-10-30,27.12
179,601318.SH,2019-10-30,87.95
180,600036.SH,2019-10-29,36.15
181,600609.SH,2019-10-29,4.0
182,600887.SH,2019-10-29,28.01
183,601318.SH,2019-10-29,88.2
184,600036.SH,2019-10-28,36.2
185,600609.SH,2019-10-28,4.04
186,600887.SH,2019-10-28,27.61
187,601318.SH,2019-10-28,88.64
188,600036.SH,2019-10-25,36.4
189,600609.SH,2019-10-25,3.97
190,600887.SH,2019-10-25,27.37
191,601318.SH,2019-10-25,88.0
192,600036.SH,2019-10-24,36.5
193,600609.SH,2019-10-24,3.92
194,600887.SH,2019-10-24,27.15
195,601318.SH,2019-10-24,89.8
196,600036.SH,2019-10-23,36.0
197,600609.SH,2019-10-23,3.88
198,600887.SH,2019-10-23,27.67
199,601318.SH,2019-10-23,89.5
200,600036.SH,2019-10-22,36.13
201,600609.SH,2019-10-22,3.86
202,600887.SH,2019-10-22,27.97
203,601318.SH,2019-10-22,90.29
204,600036.SH,2019-10-21,36.22
205,600609.SH,2019-10-21,3.79
206,600887.SH,2019-10-21,27.89
207,601318.SH,2019-10-21,90.07
208,600036.SH,2019-10-18,36.18
209,600609.SH,2019-10-18,3.83
210,600887.SH,2019-10-18,28.01
211,601318.SH,2019-10-18,89.75
212,600036.SH,2019-10-17,37.0
213,600609.SH,2019-10-17,3.85
214,600887.SH,2019-10-17,28.18
215,601318.SH,2019-10-17,91.72
216,600036.SH,2019-10-16,36.81
217,600609.SH,2019-10-16,3.87
218,600887.SH,2019-10-16,28.28
219,601318.SH,2019-10-16,90.58
220,600036.SH,2019-10-15,36.64
221,600609.SH,2019-10-15,3.91
222,600887.SH,2019-10-15,28.61
223,601318.SH,2019-10-15,90.2
224,600036.SH,2019-10-14,36.83
225,600609.SH,2019-10-14,3.95
226,600887.SH,2019-10-14,28.53
227,601318.SH,2019-10-14,90.45
228,600036.SH,2019-10-11,36.29
229,600609.SH,2019-10-11,3.85
230,600887.SH,2019-10-11,28.3
231,601318.SH,2019-10-11,89.9
232,600036.SH,2019-10-10,35.11
233,600609.SH,2019-10-10,3.89
234,600887.SH,2019-10-10,28.47
235,601318.SH,2019-10-10,88.5
236,600036.SH,2019-10-09,35.18
237,600609.SH,2019-10-09,3.68
238,600887.SH,2019-10-09,28.2
239,601318.SH,2019-10-09,88.18
240,600036.SH,2019-10-08,34.81
241,600609.SH,2019-10-08,3.85
242,600887.SH,2019-10-08,28.54
243,601318.SH,2019-10-08,88.0
244,600036.SH,2019-09-30,34.75
245,600609.SH,2019-09-30,3.94
246,600887.SH,2019-09-30,28.52
247,601318.SH,2019-09-30,87.04
248,600036.SH,2019-09-27,35.2
249,600609.SH,2019-09-27,3.93
250,600887.SH,2019-09-27,28.29
251,601318.SH,2019-09-27,88.3
252,600036.SH,2019-09-26,35.22
253,600609.SH,2019-09-26,3.93
254,600887.SH,2019-09-26,28.05
255,601318.SH,2019-09-26,88.35
256,600036.SH,2019-09-25,34.35
257,600609.SH,2019-09-25,4.03
258,600887.SH,2019-09-25,27.84
259,601318.SH,2019-09-25,88.78
260,600036.SH,2019-09-24,34.08
261,600609.SH,2019-09-24,4.05
262,600887.SH,2019-09-24,28.3
263,601318.SH,2019-09-24,88.95
264,600036.SH,2019-09-23,34.04
265,600609.SH,2019-09-23,4.02
266,600887.SH,2019-09-23,28.39
267,601318.SH,2019-09-23,88.91
268,600036.SH,2019-09-20,34.51
269,600609.SH,2019-09-20,4.1
270,600887.SH,2019-09-20,28.89
271,601318.SH,2019-09-20,89.85
272,600036.SH,2019-09-19,34.51
273,600609.SH,2019-09-19,4.1
274,600887.SH,2019-09-19,28.79
275,601318.SH,2019-09-19,89.6
276,600036.SH,2019-09-18,34.8
277,600609.SH,2019-09-18,4.12
278,600887.SH,2019-09-18,29.0
279,601318.SH,2019-09-18,90.0
280,600036.SH,2019-09-17,34.79
281,600609.SH,2019-09-17,4.15
282,600887.SH,2019-09-17,28.92
283,601318.SH,2019-09-17,89.52
284,600036.SH,2019-09-16,35.0
285,600609.SH,2019-09-16,4.2
286,600887.SH,2019-09-16,29.32
287,601318.SH,2019-09-16,91.35
288,600036.SH,2019-09-12,35.29
289,600609.SH,2019-09-12,4.2
290,600887.SH,2019-09-12,29.75
291,601318.SH,2019-09-12,92.34
292,600036.SH,2019-09-11,35.05
293,600609.SH,2019-09-11,4.11
294,600887.SH,2019-09-11,29.73
295,601318.SH,2019-09-11,89.56
296,600036.SH,2019-09-10,35.0
297,600609.SH,2019-09-10,4.13
298,600887.SH,2019-09-10,30.06
299,601318.SH,2019-09-10,89.44
300,600036.SH,2019-09-09,35.5
301,600609.SH,2019-09-09,4.07
302,600887.SH,2019-09-09,29.69
303,601318.SH,2019-09-09,90.4
304,600036.SH,2019-09-06,35.89
305,600609.SH,2019-09-06,3.99
306,600887.SH,2019-09-06,29.13
307,601318.SH,2019-09-06,90.7
308,600036.SH,2019-09-05,35.52
309,600609.SH,2019-09-05,3.97
310,600887.SH,2019-09-05,29.02
311,601318.SH,2019-09-05,89.23
312,600036.SH,2019-09-04,34.89
313,600609.SH,2019-09-04,3.93
314,600887.SH,2019-09-04,28.53
315,601318.SH,2019-09-04,88.3
316,600036.SH,2019-09-03,34.15
317,600609.SH,2019-09-03,3.98
318,600887.SH,2019-09-03,28.41
319,601318.SH,2019-09-03,88.25
320,600036.SH,2019-09-02,34.34
321,600609.SH,2019-09-02,3.95
322,600887.SH,2019-09-02,28.58
323,601318.SH,2019-09-02,88.5
324,600036.SH,2019-08-30,34.28
325,600609.SH,2019-08-30,3.92
326,600887.SH,2019-08-30,28.65
327,601318.SH,2019-08-30,87.32
328,600036.SH,2019-08-29,33.93
329,600609.SH,2019-08-29,4.08
330,600887.SH,2019-08-29,29.1
331,601318.SH,2019-08-29,86.7
332,600036.SH,2019-08-28,34.5
333,600609.SH,2019-08-28,4.25
334,600887.SH,2019-08-28,29.48
335,601318.SH,2019-08-28,86.9
336,600036.SH,2019-08-27,34.75
337,600609.SH,2019-08-27,3.86
338,600887.SH,2019-08-27,28.65
339,601318.SH,2019-08-27,87.68
340,600036.SH,2019-08-26,35.0
341,600609.SH,2019-08-26,3.82
342,600887.SH,2019-08-26,28.17
343,601318.SH,2019-08-26,87.5
344,600036.SH,2019-08-23,36.27
345,600609.SH,2019-08-23,3.8
346,600887.SH,2019-08-23,28.6
347,601318.SH,2019-08-23,89.89
348,600036.SH,2019-08-22,35.34
349,600609.SH,2019-08-22,3.82
350,600887.SH,2019-08-22,28.29
351,601318.SH,2019-08-22,87.98
352,600036.SH,2019-08-21,35.45
353,600609.SH,2019-08-21,3.9
354,600887.SH,2019-08-21,28.18
355,601318.SH,2019-08-21,87.73
356,600036.SH,2019-08-20,35.33
357,600609.SH,2019-08-20,3.75
358,600887.SH,2019-08-20,28.97
359,601318.SH,2019-08-20,87.94
360,600036.SH,2019-08-19,35.3
361,600609.SH,2019-08-19,3.65
362,600887.SH,2019-08-19,29.2
363,601318.SH,2019-08-19,88.45
364,600036.SH,2019-08-16,35.16
365,600609.SH,2019-08-16,3.57
366,600887.SH,2019-08-16,28.7
367,601318.SH,2019-08-16,87.46
368,600036.SH,2019-08-15,34.87
369,600609.SH,2019-08-15,3.5
370,600887.SH,2019-08-15,28.14
371,601318.SH,2019-08-15,86.31
372,600036.SH,2019-08-14,34.86
373,600609.SH,2019-08-14,3.51
374,600887.SH,2019-08-14,28.23
375,601318.SH,2019-08-14,85.04
376,600036.SH,2019-08-13,34.85
377,600609.SH,2019-08-13,3.49
378,600887.SH,2019-08-13,28.21
379,601318.SH,2019-08-13,85.01
380,600036.SH,2019-08-12,35.41
381,600609.SH,2019-08-12,3.55
382,600887.SH,2019-08-12,28.14
383,601318.SH,2019-08-12,86.5
384,600036.SH,2019-08-09,34.99
385,600609.SH,2019-08-09,3.52
386,600887.SH,2019-08-09,27.4
387,601318.SH,2019-08-09,84.35
388,600036.SH,2019-08-08,35.36
389,600609.SH,2019-08-08,3.57
390,600887.SH,2019-08-08,28.06
391,601318.SH,2019-08-08,84.51
392,600036.SH,2019-08-07,34.53
393,600609.SH,2019-08-07,3.54
394,600887.SH,2019-08-07,28.16
395,601318.SH,2019-08-07,83.47
396,600036.SH,2019-08-06,34.88
397,600609.SH,2019-08-06,3.52
398,600887.SH,2019-08-06,28.1
399,601318.SH,2019-08-06,84.51
400,600036.SH,2019-08-05,35.21
401,600609.SH,2019-08-05,3.66
402,600887.SH,2019-08-05,30.81
403,601318.SH,2019-08-05,84.61
404,600036.SH,2019-08-02,35.75
405,600609.SH,2019-08-02,3.7
406,600887.SH,2019-08-02,31.14
407,601318.SH,2019-08-02,86.03
408,600036.SH,2019-08-01,36.2
409,600609.SH,2019-08-01,3.79
410,600887.SH,2019-08-01,31.32
411,601318.SH,2019-08-01,87.51
412,600036.SH,2019-07-31,36.56
413,600609.SH,2019-07-31,3.82
414,600887.SH,2019-07-31,31.2
415,601318.SH,2019-07-31,88.09
416,600036.SH,2019-07-30,36.77
417,600609.SH,2019-07-30,3.9
418,600887.SH,2019-07-30,31.95
419,601318.SH,2019-07-30,89.98
420,600036.SH,2019-07-29,36.83
421,600609.SH,2019-07-29,3.89
422,600887.SH,2019-07-29,32.24
423,601318.SH,2019-07-29,89.45
424,600036.SH,2019-07-26,37.22
425,600609.SH,2019-07-26,3.9
426,600887.SH,2019-07-26,32.34
427,601318.SH,2019-07-26,90.1
428,600036.SH,2019-07-25,37.26
429,600609.SH,2019-07-25,3.86
430,600887.SH,2019-07-25,32.4
431,601318.SH,2019-07-25,89.41
432,600036.SH,2019-07-24,36.43
433,600609.SH,2019-07-24,3.93
434,600887.SH,2019-07-24,32.42
435,601318.SH,2019-07-24,88.85
436,600036.SH,2019-07-23,36.21
437,600609.SH,2019-07-23,3.89
438,600887.SH,2019-07-23,32.1
439,601318.SH,2019-07-23,87.5
440,600036.SH,2019-07-22,36.37
441,600609.SH,2019-07-22,3.84
442,600887.SH,2019-07-22,32.26
443,601318.SH,2019-07-22,87.68
444,600036.SH,2019-07-19,36.37
445,600609.SH,2019-07-19,3.96
446,600887.SH,2019-07-19,32.25
447,601318.SH,2019-07-19,88.35
448,600036.SH,2019-07-18,35.32
449,600609.SH,2019-07-18,3.99
450,600887.SH,2019-07-18,32.11
451,601318.SH,2019-07-18,86.73
452,600036.SH,2019-07-17,35.21
453,600609.SH,2019-07-17,3.99
454,600887.SH,2019-07-17,32.48
455,601318.SH,2019-07-17,86.99
456,600036.SH,2019-07-16,35.31
457,600609.SH,2019-07-16,3.95
458,600887.SH,2019-07-16,32.69
459,601318.SH,2019-07-16,86.95
460,600036.SH,2019-07-15,35.3
461,600609.SH,2019-07-15,3.94
462,600887.SH,2019-07-15,33.72
463,601318.SH,2019-07-15,88.08
464,600036.SH,2019-07-12,35.4
465,600609.SH,2019-07-12,3.91
466,600887.SH,2019-07-12,33.83
467,601318.SH,2019-07-12,88.75
468,600036.SH,2019-07-11,35.9
469,600609.SH,2019-07-11,3.95
470,600887.SH,2019-07-11,33.88
471,601318.SH,2019-07-11,87.98
472,600036.SH,2019-07-10,35.12
473,600609.SH,2019-07-10,3.94
474,600887.SH,2019-07-10,33.16
475,601318.SH,2019-07-10,87.88
476,600036.SH,2019-07-09,35.29
477,600609.SH,2019-07-09,3.93
478,600887.SH,2019-07-09,33.27
479,601318.SH,2019-07-09,87.53
480,600036.SH,2019-07-08,35.56
481,600609.SH,2019-07-08,3.89
482,600887.SH,2019-07-08,32.98
483,601318.SH,2019-07-08,88.59
484,600036.SH,2019-07-05,36.47
485,600609.SH,2019-07-05,4.03
486,600887.SH,2019-07-05,33.47
487,601318.SH,2019-07-05,90.85
488,600036.SH,2019-07-04,36.08
489,600609.SH,2019-07-04,4.0
490,600887.SH,2019-07-04,33.41
491,601318.SH,2019-07-04,89.9
492,600036.SH,2019-07-03,36.15
493,600609.SH,2019-07-03,4.1
494,600887.SH,2019-07-03,33.55
495,601318.SH,2019-07-03,90.66
496,600036.SH,2019-07-02,36.52
497,600609.SH,2019-07-02,4.22
498,600887.SH,2019-07-02,34.47
499,601318.SH,2019-07-02,91.06
500,600036.SH,2019-07-01,36.9
501,600609.SH,2019-07-01,4.22
502,600887.SH,2019-07-01,34.26
503,601318.SH,2019-07-01,91.84
504,600036.SH,2019-06-28,35.98
505,600609.SH,2019-06-28,4.14
506,600887.SH,2019-06-28,33.41
507,601318.SH,2019-06-28,88.61
508,600036.SH,2019-06-27,36.45
509,600609.SH,2019-06-27,4.2
510,600887.SH,2019-06-27,33.11
511,601318.SH,2019-06-27,88.05
512,600036.SH,2019-06-26,35.47
513,600609.SH,2019-06-26,4.2
514,600887.SH,2019-06-26,32.83
515,601318.SH,2019-06-26,86.4
516,600036.SH,2019-06-25,36.13
517,600609.SH,2019-06-25,4.3
518,600887.SH,2019-06-25,32.44
519,601318.SH,2019-06-25,86.63
520,600036.SH,2019-06-24,37.96
521,600609.SH,2019-06-24,4.35
522,600887.SH,2019-06-24,32.33
523,601318.SH,2019-06-24,88.21
524,600036.SH,2019-06-21,37.69
525,600609.SH,2019-06-21,4.4
526,600887.SH,2019-06-21,32.32
527,601318.SH,2019-06-21,87.97
528,600036.SH,2019-06-20,38.38
529,600609.SH,2019-06-20,4.54
530,600887.SH,2019-06-20,32.62
531,601318.SH,2019-06-20,88.5
532,600036.SH,2019-06-19,36.8
533,600609.SH,2019-06-19,4.95
534,600887.SH,2019-06-19,31.75
535,601318.SH,2019-06-19,83.54
536,600036.SH,2019-06-18,36.02
537,600609.SH,2019-06-18,4.5
538,600887.SH,2019-06-18,31.52
539,601318.SH,2019-06-18,80.97
540,600036.SH,2019-06-17,35.6
541,600609.SH,2019-06-17,4.09
542,600887.SH,2019-06-17,31.51
543,601318.SH,2019-06-17,79.92
544,600036.SH,2019-06-14,35.35
545,600609.SH,2019-06-14,3.72
546,600887.SH,2019-06-14,31.78
547,601318.SH,2019-06-14,79.75
548,600036.SH,2019-06-13,35.25
549,600609.SH,2019-06-13,3.8
550,600887.SH,2019-06-13,31.56
551,601318.SH,2019-06-13,80.49
552,600036.SH,2019-06-12,35.33
553,600609.SH,2019-06-12,3.79
554,600887.SH,2019-06-12,31.75
555,601318.SH,2019-06-12,80.52
556,600036.SH,2019-06-11,35.42
557,600609.SH,2019-06-11,3.82
558,600887.SH,2019-06-11,32.43
559,601318.SH,2019-06-11,81.7
560,600036.SH,2019-06-10,34.74
561,600609.SH,2019-06-10,3.7
562,600887.SH,2019-06-10,30.68
563,601318.SH,2019-06-10,79.1
564,600036.SH,2019-06-06,33.9
565,600609.SH,2019-06-06,3.71
566,600887.SH,2019-06-06,30.0
567,601318.SH,2019-06-06,77.11
568,600036.SH,2019-06-05,33.95
569,600609.SH,2019-06-05,3.83
570,600887.SH,2019-06-05,30.12
571,601318.SH,2019-06-05,77.5
572,600036.SH,2019-06-04,34.03
573,600609.SH,2019-06-04,3.9
574,600887.SH,2019-06-04,30.29
575,601318.SH,2019-06-04,77.97
576,600036.SH,2019-06-03,34.4
577,600609.SH,2019-06-03,3.94
578,600887.SH,2019-06-03,30.59
579,601318.SH,2019-06-03,79.25
580,600036.SH,2019-05-31,34.21
581,600609.SH,2019-05-31,3.97
582,600887.SH,2019-05-31,30.01
583,601318.SH,2019-05-31,79.0
584,600036.SH,2019-05-30,34.3
585,600609.SH,2019-05-30,3.94
586,600887.SH,2019-05-30,30.06
587,601318.SH,2019-05-30,79.09
588,600036.SH,2019-05-29,34.25
589,600609.SH,2019-05-29,3.98
590,600887.SH,2019-05-29,29.92
591,601318.SH,2019-05-29,79.78
592,600036.SH,2019-05-28,34.38
593,600609.SH,2019-05-28,4.0
594,600887.SH,2019-05-28,30.35
595,601318.SH,2019-05-28,78.19
596,600036.SH,2019-05-27,33.78
597,600609.SH,2019-05-27,4.07
598,600887.SH,2019-05-27,30.01
599,601318.SH,2019-05-27,77.18
600,600036.SH,2019-05-24,33.6
601,600609.SH,2019-05-24,4.06
602,600887.SH,2019-05-24,29.9
603,601318.SH,2019-05-24,76.5
604,600036.SH,2019-05-23,33.35
605,600609.SH,2019-05-23,3.95
606,600887.SH,2019-05-23,29.91
607,601318.SH,2019-05-23,75.44
608,600036.SH,2019-05-22,33.53
609,600609.SH,2019-05-22,4.06
610,600887.SH,2019-05-22,30.3
611,601318.SH,2019-05-22,77.64
612,600036.SH,2019-05-21,33.63
613,600609.SH,2019-05-21,4.12
614,600887.SH,2019-05-21,30.25
615,601318.SH,2019-05-21,78.2
616,600036.SH,2019-05-20,33.28
617,600609.SH,2019-05-20,4.07
618,600887.SH,2019-05-20,30.08
619,601318.SH,2019-05-20,77.87
620,600036.SH,2019-05-17,33.31
621,600609.SH,2019-05-17,4.07
622,600887.SH,2019-05-17,30.41
623,601318.SH,2019-05-17,79.1
624,600036.SH,2019-05-16,33.67
625,600609.SH,2019-05-16,4.2
626,600887.SH,2019-05-16,31.4
627,601318.SH,2019-05-16,80.97
628,600036.SH,2019-05-15,33.63
629,600609.SH,2019-05-15,4.19
630,600887.SH,2019-05-15,31.03
631,601318.SH,2019-05-15,80.54
632,600036.SH,2019-05-14,32.56
633,600609.SH,2019-05-14,4.08
634,600887.SH,2019-05-14,30.02
635,601318.SH,2019-05-14,78.3
636,600036.SH,2019-05-13,32.8
637,600609.SH,2019-05-13,4.09
638,600887.SH,2019-05-13,30.4
639,601318.SH,2019-05-13,78.65
640,600036.SH,2019-05-10,33.61
641,600609.SH,2019-05-10,4.17
642,600887.SH,2019-05-10,30.26
643,601318.SH,2019-05-10,81.38
644,600036.SH,2019-05-09,32.42
645,600609.SH,2019-05-09,4.06
646,600887.SH,2019-05-09,29.18
647,601318.SH,2019-05-09,76.66
648,600036.SH,2019-05-08,33.13
649,600609.SH,2019-05-08,4.13
650,600887.SH,2019-05-08,30.14
651,601318.SH,2019-05-08,78.78
652,600036.SH,2019-05-07,33.71
653,600609.SH,2019-05-07,4.18
654,600887.SH,2019-05-07,30.55
655,601318.SH,2019-05-07,81.17
656,600036.SH,2019-05-06,33.91
657,600609.SH,2019-05-06,4.19
658,600887.SH,2019-05-06,30.0
659,601318.SH,2019-05-06,81.2
660,600036.SH,2019-04-30,34.45
661,600609.SH,2019-04-30,4.65
662,600887.SH,2019-04-30,31.0
663,601318.SH,2019-04-30,86.1
664,600036.SH,2019-04-29,35.33
665,600609.SH,2019-04-29,4.5
666,600887.SH,2019-04-29,30.75
667,601318.SH,2019-04-29,86.43
668,600036.SH,2019-04-26,34.36
669,600609.SH,2019-04-26,4.7
670,600887.SH,2019-04-26,30.0
671,601318.SH,2019-04-26,83.11
672,600036.SH,2019-04-25,35.43
673,600609.SH,2019-04-25,4.8
674,600887.SH,2019-04-25,30.45
675,601318.SH,2019-04-25,83.4
676,600036.SH,2019-04-24,35.8
677,600609.SH,2019-04-24,4.98
678,600887.SH,2019-04-24,30.74
679,601318.SH,2019-04-24,85.03
680,600036.SH,2019-04-23,35.23
681,600609.SH,2019-04-23,4.79
682,600887.SH,2019-04-23,30.48
683,601318.SH,2019-04-23,86.06
684,600036.SH,2019-04-22,34.8
685,600609.SH,2019-04-22,4.98
686,600887.SH,2019-04-22,30.98
687,601318.SH,2019-04-22,84.96
688,600036.SH,2019-04-19,36.0
689,600609.SH,2019-04-19,5.08
690,600887.SH,2019-04-19,31.14
691,601318.SH,2019-04-19,87.0
692,600036.SH,2019-04-18,35.5
693,600609.SH,2019-04-18,5.13
694,600887.SH,2019-04-18,30.84
695,601318.SH,2019-04-18,84.3
696,600036.SH,2019-04-17,35.83
697,600609.SH,2019-04-17,5.32
698,600887.SH,2019-04-17,30.78
699,601318.SH,2019-04-17,84.48
700,600036.SH,2019-04-16,36.0
701,600609.SH,2019-04-16,5.11
702,600887.SH,2019-04-16,30.87
703,601318.SH,2019-04-16,85.01
704,600036.SH,2019-04-15,34.82
705,600609.SH,2019-04-15,5.19
706,600887.SH,2019-04-15,30.0
707,601318.SH,2019-04-15,81.66
708,600036.SH,2019-04-12,34.8
709,600609.SH,2019-04-12,5.09
710,600887.SH,2019-04-12,30.0
711,601318.SH,2019-04-12,80.44
712,600036.SH,2019-04-11,34.96
713,600609.SH,2019-04-11,4.95
714,600887.SH,2019-04-11,30.32
715,601318.SH,2019-04-11,80.71
716,600036.SH,2019-04-10,35.07
717,600609.SH,2019-04-10,5.25
718,600887.SH,2019-04-10,31.49
719,601318.SH,2019-04-10,82.03
720,600036.SH,2019-04-09,35.23
721,600609.SH,2019-04-09,4.94
722,600887.SH,2019-04-09,31.0
723,601318.SH,2019-04-09,81.1
724,600036.SH,2019-04-08,35.93
725,600609.SH,2019-04-08,4.49
726,600887.SH,2019-04-08,28.62
727,601318.SH,2019-04-08,80.59
728,600036.SH,2019-04-04,35.59
729,600609.SH,2019-04-04,4.3
730,600887.SH,2019-04-04,29.78
731,601318.SH,2019-04-04,80.2
732,600036.SH,2019-04-03,34.86
733,600609.SH,2019-04-03,4.17
734,600887.SH,2019-04-03,29.33
735,601318.SH,2019-04-03,79.86
736,600036.SH,2019-04-02,34.49
737,600609.SH,2019-04-02,4.14
738,600887.SH,2019-04-02,29.31
739,601318.SH,2019-04-02,78.96
740,600036.SH,2019-04-01,34.08
741,600609.SH,2019-04-01,4.19
742,600887.SH,2019-04-01,29.77
743,601318.SH,2019-04-01,78.6
744,600036.SH,2019-03-29,33.92
745,600609.SH,2019-03-29,4.04
746,600887.SH,2019-03-29,29.11
747,601318.SH,2019-03-29,77.1
748,600036.SH,2019-03-28,32.52
749,600609.SH,2019-03-28,3.95
750,600887.SH,2019-03-28,28.3
751,601318.SH,2019-03-28,73.4
752,600036.SH,2019-03-27,32.4
753,600609.SH,2019-03-27,4.03
754,600887.SH,2019-03-27,28.2
755,601318.SH,2019-03-27,74.22
756,600036.SH,2019-03-26,31.49
757,600609.SH,2019-03-26,4.2
758,600887.SH,2019-03-26,27.35
759,601318.SH,2019-03-26,72.69
760,600036.SH,2019-03-25,31.17
761,600609.SH,2019-03-25,4.01
762,600887.SH,2019-03-25,27.17
763,601318.SH,2019-03-25,72.29
764,600036.SH,2019-03-22,32.35
765,600609.SH,2019-03-22,4.0
766,600887.SH,2019-03-22,27.92
767,601318.SH,2019-03-22,74.72
768,600036.SH,2019-03-21,31.98
769,600609.SH,2019-03-21,3.91
770,600887.SH,2019-03-21,27.63
771,601318.SH,2019-03-21,75.8
772,600036.SH,2019-03-20,32.27
773,600609.SH,2019-03-20,3.93
774,600887.SH,2019-03-20,27.96
775,601318.SH,2019-03-20,76.55
776,600036.SH,2019-03-19,32.03
777,600609.SH,2019-03-19,3.89
778,600887.SH,2019-03-19,28.05
779,601318.SH,2019-03-19,75.35
780,600036.SH,2019-03-18,32.36
781,600609.SH,2019-03-18,3.91
782,600887.SH,2019-03-18,28.56
783,601318.SH,2019-03-18,75.0
784,600036.SH,2019-03-15,31.67
785,600609.SH,2019-03-15,3.79
786,600887.SH,2019-03-15,26.59
787,601318.SH,2019-03-15,73.85
788,600036.SH,2019-03-14,31.45
789,600609.SH,2019-03-14,3.75
790,600887.SH,2019-03-14,26.32
791,601318.SH,2019-03-14,72.8
792,600036.SH,2019-03-13,31.04
793,600609.SH,2019-03-13,3.79
794,600887.SH,2019-03-13,26.37
795,601318.SH,2019-03-13,71.54
796,600036.SH,2019-03-12,30.66
797,600609.SH,2019-03-12,3.91
798,600887.SH,2019-03-12,26.89
799,601318.SH,2019-03-12,69.25
800,600036.SH,2019-03-11,30.53
801,600609.SH,2019-03-11,3.82
802,600887.SH,2019-03-11,26.81
803,601318.SH,2019-03-11,68.79
804,600036.SH,2019-03-08,30.78
805,600609.SH,2019-03-08,3.66
806,600887.SH,2019-03-08,26.35
807,601318.SH,2019-03-08,68.7
808,600036.SH,2019-03-07,31.3
809,600609.SH,2019-03-07,3.95
810,600887.SH,2019-03-07,26.53
811,601318.SH,2019-03-07,70.29
812,600036.SH,2019-03-06,32.22
813,600609.SH,2019-03-06,3.97
814,600887.SH,2019-03-06,27.32
815,601318.SH,2019-03-06,72.16
816,600036.SH,2019-03-05,32.35
817,600609.SH,2019-03-05,3.74
818,600887.SH,2019-03-05,27.74
819,601318.SH,2019-03-05,72.07
820,600036.SH,2019-03-04,32.69
821,600609.SH,2019-03-04,3.68
822,600887.SH,2019-03-04,27.97
823,601318.SH,2019-03-04,72.58
824,600036.SH,2019-03-01,32.9
825,600609.SH,2019-03-01,3.62
826,600887.SH,2019-03-01,27.81
827,601318.SH,2019-03-01,72.39
828,600036.SH,2019-02-28,31.74
829,600609.SH,2019-02-28,3.68
830,600887.SH,2019-02-28,27.04
831,601318.SH,2019-02-28,70.01
832,600036.SH,2019-02-27,31.71
833,600609.SH,2019-02-27,3.61
834,600887.SH,2019-02-27,26.63
835,601318.SH,2019-02-27,69.98
836,600036.SH,2019-02-26,31.49
837,600609.SH,2019-02-26,3.53
838,600887.SH,2019-02-26,26.27
839,601318.SH,2019-02-26,70.01
840,600036.SH,2019-02-25,32.52
841,600609.SH,2019-02-25,3.52
842,600887.SH,2019-02-25,26.51
843,601318.SH,2019-02-25,73.0
844,600036.SH,2019-02-22,30.63
845,600609.SH,2019-02-22,3.38
846,600887.SH,2019-02-22,25.5
847,601318.SH,2019-02-22,67.02
848,600036.SH,2019-02-21,30.08
849,600609.SH,2019-02-21,3.36
850,600887.SH,2019-02-21,25.5
851,601318.SH,2019-02-21,65.39
852,600036.SH,2019-02-20,30.15
853,600609.SH,2019-02-20,3.36
854,600887.SH,2019-02-20,25.55
855,601318.SH,2019-02-20,65.88
856,600036.SH,2019-02-19,29.88
857,600609.SH,2019-02-19,3.35
858,600887.SH,2019-02-19,25.43
859,601318.SH,2019-02-19,65.68
860,600036.SH,2019-02-18,29.87
861,600609.SH,2019-02-18,3.35
862,600887.SH,2019-02-18,25.82
863,601318.SH,2019-02-18,65.29
864,600036.SH,2019-02-15,29.15
865,600609.SH,2019-02-15,3.28
866,600887.SH,2019-02-15,25.42
867,601318.SH,2019-02-15,63.25
868,600036.SH,2019-02-14,29.86
869,600609.SH,2019-02-14,3.28
870,600887.SH,2019-02-14,25.98
871,601318.SH,2019-02-14,65.1
872,600036.SH,2019-02-13,29.84
873,600609.SH,2019-02-13,3.32
874,600887.SH,2019-02-13,25.5
875,601318.SH,2019-02-13,65.02
876,600036.SH,2019-02-12,29.32
877,600609.SH,2019-02-12,3.21
878,600887.SH,2019-02-12,25.18
879,601318.SH,2019-02-12,64.27
880,600036.SH,2019-02-11,29.39
881,600609.SH,2019-02-11,3.17
882,600887.SH,2019-02-11,25.26
883,601318.SH,2019-02-11,64.39
884,600036.SH,2019-02-01,29.3
885,600609.SH,2019-02-01,3.1
886,600887.SH,2019-02-01,24.54
887,601318.SH,2019-02-01,63.21
888,600036.SH,2019-01-31,29.21
889,600609.SH,2019-01-31,3.02
890,600887.SH,2019-01-31,24.18
891,601318.SH,2019-01-31,62.98
892,600036.SH,2019-01-30,28.42
893,600609.SH,2019-01-30,3.09
894,600887.SH,2019-01-30,24.1
895,601318.SH,2019-01-30,61.25
896,600036.SH,2019-01-29,28.64
897,600609.SH,2019-01-29,3.1
898,600887.SH,2019-01-29,24.3
899,601318.SH,2019-01-29,61.65
900,600036.SH,2019-01-28,28.66
901,600609.SH,2019-01-28,3.22
902,600887.SH,2019-01-28,24.21
903,601318.SH,2019-01-28,61.52
904,600036.SH,2019-01-25,28.52
905,600609.SH,2019-01-25,3.24
906,600887.SH,2019-01-25,24.43
907,601318.SH,2019-01-25,61.29
908,600036.SH,2019-01-24,27.87
909,600609.SH,2019-01-24,3.29
910,600887.SH,2019-01-24,24.34
911,601318.SH,2019-01-24,60.43
912,600036.SH,2019-01-23,27.16
913,600609.SH,2019-01-23,3.29
914,600887.SH,2019-01-23,24.3
915,601318.SH,2019-01-23,59.49
916,600036.SH,2019-01-22,26.98
917,600609.SH,2019-01-22,3.3
918,600887.SH,2019-01-22,24.43
919,601318.SH,2019-01-22,60.07
920,600036.SH,2019-01-21,27.33
921,600609.SH,2019-01-21,3.31
922,600887.SH,2019-01-21,24.78
923,601318.SH,2019-01-21,60.79
924,600036.SH,2019-01-18,27.1
925,600609.SH,2019-01-18,3.27
926,600887.SH,2019-01-18,24.45
927,601318.SH,2019-01-18,59.92
928,600036.SH,2019-01-17,26.47
929,600609.SH,2019-01-17,3.3
930,600887.SH,2019-01-17,24.07
931,601318.SH,2019-01-17,58.73
932,600036.SH,2019-01-16,26.85
933,600609.SH,2019-01-16,3.36
934,600887.SH,2019-01-16,24.0
935,601318.SH,2019-01-16,58.74
936,600036.SH,2019-01-15,26.8
937,600609.SH,2019-01-15,3.33
938,600887.SH,2019-01-15,24.1
939,601318.SH,2019-01-15,58.59
940,600036.SH,2019-01-14,26.31
941,600609.SH,2019-01-14,3.32
942,600887.SH,2019-01-14,23.19
943,601318.SH,2019-01-14,57.12
944,600036.SH,2019-01-11,26.46
945,600609.SH,2019-01-11,3.34
946,600887.SH,2019-01-11,23.51
947,601318.SH,2019-01-11,58.07
948,600036.SH,2019-01-10,25.85
949,600609.SH,2019-01-10,3.41
950,600887.SH,2019-01-10,23.1
951,601318.SH,2019-01-10,57.5
952,600036.SH,2019-01-09,25.7
953,600609.SH,2019-01-09,3.5
954,600887.SH,2019-01-09,22.8
955,601318.SH,2019-01-09,56.95
956,600036.SH,2019-01-08,25.22
957,600609.SH,2019-01-08,3.18
958,600887.SH,2019-01-08,22.6
959,601318.SH,2019-01-08,55.8
960,600036.SH,2019-01-07,25.52
961,600609.SH,2019-01-07,3.19
962,600887.SH,2019-01-07,22.77
963,601318.SH,2019-01-07,56.3
964,600036.SH,2019-01-04,25.51
965,600609.SH,2019-01-04,3.14
966,600887.SH,2019-01-04,22.52
967,601318.SH,2019-01-04,56.59
968,600036.SH,2019-01-03,24.88
969,600609.SH,2019-01-03,3.09
970,600887.SH,2019-01-03,22.3
971,601318.SH,2019-01-03,55.68
972,600036.SH,2019-01-02,24.57
973,600609.SH,2019-01-02,3.09
974,600887.SH,2019-01-02,22.48
975,601318.SH,2019-01-02,55.18
